Position;CDS Mutation;AA Mutation;Type;Coordinate
140;c.419G>A;R140Q;Substitution - Missense;chr15_90088702
172;c.514A>G;R172G;Substitution - Missense;chr15_90088607
172;c.515G>A;R172K;Substitution - Missense;chr15_90088606
172;c.514A>G;R172G;Substitution - Missense;chr15_90088607
172;c.515G>A;R172K;Substitution - Missense;chr15_90088606
172;c.515G>T;R172M;Substitution - Missense;chr15_90088606
172;c.516G>T;R172S;Substitution - Missense;chr15_90088605
172;c.516G>C;R172S;Substitution - Missense;chr15_90088605
172;c.515G>C;R172T;Substitution - Missense;chr15_90088606
140;c.419C>T;R140Q;Substitution - Missense;chr15_90088702
172;c.514T>C;R172G;Substitution - Missense;chr15_90088607
172;c.515C>T;R172K;Substitution - Missense;chr15_90088606
172;c.514T>C;R172G;Substitution - Missense;chr15_90088607
172;c.515C>T;R172K;Substitution - Missense;chr15_90088606
172;c.515C>A;R172M;Substitution - Missense;chr15_90088606
172;c.516C>A;R172S;Substitution - Missense;chr15_90088605
172;c.516C>G;R172S;Substitution - Missense;chr15_90088605
172;c.515C>G;R172T;Substitution - Missense;chr15_90088606